alignment_position,consensus_residue,occupancy,shannon_entropy,conservation_score
1,M,0.049019607843137254,-0.0,2.9578759902889304
2,D,0.049019607843137254,-0.0,2.9578759902889304
3,H,0.049019607843137254,-0.0,2.9578759902889304
4,A,0.049019607843137254,-0.0,2.9578759902889304
5,P,0.058823529411764705,-0.0,2.9578759902889304
6,E,0.058823529411764705,0.6500224216483541,2.307853568640576
7,R,0.058823529411764705,-0.0,2.9578759902889304
8,F,0.058823529411764705,0.6500224216483541,2.307853568640576
9,D,0.058823529411764705,0.6500224216483541,2.307853568640576
10,A,0.06862745098039216,0.5916727785823275,2.366203211706603
11,T,0.06862745098039216,1.1488348542809166,1.8090411360080139
12,P,0.0784313725490196,0.5435644431995964,2.414311547089334
13,P,0.09803921568627451,0.4689955935892812,2.488880396699649
14,I,0.00980392156862745,-0.0,2.9578759902889304
15,F,0.0196078431372549,1.0,1.9578759902889304
16,A,0.0196078431372549,1.0,1.9578759902889304
17,A,0.0196078431372549,1.0,1.9578759902889304
18,A,0.10784313725490197,1.867633890971212,1.0902420993177184
19,G,0.10784313725490197,1.4911148500551854,1.466761140233745
20,E,0.13725490196078433,2.1179631753145163,0.8399128149744142
21,P,0.16666666666666666,0.6722948170756379,2.2855811732132927
22,D,0.20588235294117646,1.7723388509380995,1.185537139350831
23,R,0.20588235294117646,1.4488156357251847,1.5090603545637458
24,P,0.8823529411764706,0.32897788628100333,2.628898104007927
25,A,0.9117647058823529,0.0857426825355025,2.872133307753428
26,L,0.9117647058823529,0.0857426825355025,2.872133307753428
27,G,0.9117647058823529,0.14981136747274792,2.8080646228161825
28,V,0.9509803921568627,1.503109526703576,1.4547664635853546
29,L,0.9705882352941176,0.3047477029943567,2.6531282872945736
30,E,0.9705882352941176,-0.0,2.9578759902889304
31,L,0.9705882352941176,1.6342793565034344,1.323596633785496
32,S,0.9705882352941176,2.150779607563922,0.8070963827250086
33,T,0.9705882352941176,1.3989849401918286,1.5588910500971018
34,I,0.9705882352941176,0.6116256595976604,2.3462503306912703
35,A,0.9705882352941176,0.32984607020714635,2.6280299200817843
36,R,0.9803921568627451,0.24229218908241482,2.7155838012065154
37,G,0.9803921568627451,0.08079313589591118,2.877082854393019
38,V,0.9901960784313726,1.1242509691116171,1.8336250211773133
39,V,0.9901960784313726,1.1638658901466494,1.794010100142281
40,V,0.9901960784313726,1.5342225877666635,1.423653402522267
41,A,0.9901960784313726,0.36369739101043974,2.5941785992784907
42,D,0.9901960784313726,-0.0,2.9578759902889304
43,A,0.9901960784313726,0.14032727099059325,2.8175487192983373
44,A,0.9901960784313726,1.604530346538155,1.3533456437507754
45,L,0.9901960784313726,1.0809611090441515,1.876914881244779
46,K,0.9901960784313726,-0.0,2.9578759902889304
47,R,0.9901960784313726,0.47121901186207804,2.4866569784268524
48,A,0.9901960784313726,1.0780296445471977,1.8798463457417327
49,P,0.9901960784313726,0.5220589094103716,2.435817080878559
50,A,0.9901960784313726,1.1830670559892336,1.7748089342996969
51,V,0.9901960784313726,2.3062761602662496,0.6515998300226808
52,L,0.9901960784313726,0.458891165348845,2.4989848249400852
53,L,0.9901960784313726,0.9285091563260264,2.029366833962904
54,S,0.9901960784313726,2.2092614642996273,0.7486145259893031
55,S,0.9901960784313726,0.19290007457898412,2.7649759157099463
56,R,0.9901960784313726,0.29987934718593945,2.657996643102991
57,A,0.9901960784313726,1.1726285327578223,1.7852474575311081
58,V,0.9901960784313726,0.899225365773819,2.0586506245151117
59,S,0.9901960784313726,0.3596332642445572,2.598242726044373
60,G,0.9901960784313726,0.8369938449347185,2.120882145354212
61,G,0.9901960784313726,-0.0,2.9578759902889304
62,K,0.9901960784313726,0.22017618846179077,2.73769980182714
63,H,0.9901960784313726,0.3596332642445572,2.598242726044373
64,L,0.9901960784313726,0.3200293038485176,2.6378466864404126
65,V,0.9901960784313726,0.9798803106604441,1.9779956796284863
66,M,0.9901960784313726,2.054421627394208,0.9034543628947223
67,L,0.9901960784313726,1.4288922410188163,1.5289837492701142
68,E,0.9901960784313726,1.4540705301138126,1.5038054601751178
69,G,0.9901960784313726,-0.0,2.9578759902889304
70,G,0.9901960784313726,1.2887141611456039,1.6691618291433266
71,V,0.9901960784313726,0.14032727099059325,2.8175487192983373
72,A,0.9901960784313726,0.550323790323969,2.4075521999649614
73,E,0.9901960784313726,0.5896710128566595,2.368204977432271
74,V,0.9901960784313726,0.7863265337493189,2.1715494565396116
75,E,0.9901960784313726,1.3472703831225092,1.6106056071664212
76,E,0.9901960784313726,0.14032727099059325,2.8175487192983373
77,A,0.9901960784313726,0.6761627418829198,2.2817132484060108
78,M,0.9901960784313726,0.8497088203321866,2.1081671699567437
79,A,0.9901960784313726,2.649709080462567,0.3081669098263635
80,A,0.9901960784313726,0.29987934718593945,2.657996643102991
81,G,0.9901960784313726,0.7740204128451942,2.1838555774437363
82,R,0.9901960784313726,2.601341725943265,0.35653426434566526
83,L,0.9901960784313726,2.580533827651236,0.3773421626376945
84,A,0.9901960784313726,1.9064388539865535,1.051437136302377
85,A,0.9901960784313726,0.29987934718593945,2.657996643102991
86,G,0.9901960784313726,1.4239594861123448,1.5339165041765856
87,A,0.00980392156862745,-0.0,2.9578759902889304
88,G,0.00980392156862745,-0.0,2.9578759902889304
89,G,0.00980392156862745,-0.0,2.9578759902889304
90,G,0.00980392156862745,-0.0,2.9578759902889304
91,S,0.00980392156862745,-0.0,2.9578759902889304
92,G,0.00980392156862745,-0.0,2.9578759902889304
93,G,0.00980392156862745,-0.0,2.9578759902889304
94,S,0.00980392156862745,-0.0,2.9578759902889304
95,A,0.00980392156862745,-0.0,2.9578759902889304
96,H,0.00980392156862745,-0.0,2.9578759902889304
97,I,0.00980392156862745,-0.0,2.9578759902889304
98,V,0.00980392156862745,-0.0,2.9578759902889304
99,M,0.00980392156862745,-0.0,2.9578759902889304
100,V,0.00980392156862745,-0.0,2.9578759902889304
101,D,0.00980392156862745,-0.0,2.9578759902889304
102,A,0.00980392156862745,-0.0,2.9578759902889304
103,Y,0.00980392156862745,-0.0,2.9578759902889304
104,K,0.00980392156862745,-0.0,2.9578759902889304
105,P,0.00980392156862745,-0.0,2.9578759902889304
106,T,0.00980392156862745,-0.0,2.9578759902889304
107,K,0.00980392156862745,-0.0,2.9578759902889304
108,G,0.00980392156862745,-0.0,2.9578759902889304
109,G,0.00980392156862745,-0.0,2.9578759902889304
110,S,0.0196078431372549,1.0,1.9578759902889304
111,A,0.08823529411764706,1.836591668108979,1.1212843221799516
112,G,0.08823529411764706,0.5032583347756457,2.454617655513285
113,S,0.08823529411764706,0.9864267287308424,1.971449261558088
114,D,1.0,2.4550815905317136,0.5027943997572168
115,L,1.0,2.9578759902889304,0.0
116,P,0.00980392156862745,-0.0,2.9578759902889304
117,V,0.00980392156862745,-0.0,2.9578759902889304
118,L,0.9901960784313726,0.458891165348845,2.4989848249400852
119,L,0.9901960784313726,1.5458243421683184,1.412051648120612
120,D,0.9901960784313726,0.24047340659188007,2.7174025836970506
121,R,0.9901960784313726,2.662998093526132,0.2948778967627983
122,V,0.9901960784313726,1.1882609289020032,1.7696150613869273
123,E,0.9901960784313726,1.9443186593712805,1.01355733091765
124,L,0.9901960784313726,0.22017618846179074,2.73769980182714
125,P,0.9901960784313726,1.3512843896778928,1.6065916006110377
126,A,0.9901960784313726,2.358636984811955,0.5992390054769756
127,A,0.9901960784313726,0.5803818123311553,2.377494177957775
128,D,0.9901960784313726,0.9164033311398082,2.041472659149122
129,D,0.9901960784313726,2.111721687041075,0.8461543032478556
130,Q,0.9901960784313726,0.5701257705219889,2.3877502197669416
131,V,0.9901960784313726,1.0311881231184457,1.9266878671704848
132,W,0.9901960784313726,0.14032727099059325,2.8175487192983373
133,P,0.9901960784313726,1.145954915660393,1.8119210746285375
134,M,0.9901960784313726,1.444032814585137,1.5138431757037933
135,L,0.9901960784313726,0.41176425212205703,2.546111738166873
136,G,0.9901960784313726,1.8798269525272522,1.0780490377616783
137,A,0.13725490196078433,1.5216406363433184,1.436235353945612
138,G,0.13725490196078433,1.8423709931771084,1.115504997111822
139,F,0.0392156862745098,1.0,1.9578759902889304
140,A,0.0392156862745098,1.0,1.9578759902889304
141,A,0.9803921568627451,1.578326085621253,1.3795499046676774
142,P,0.9803921568627451,1.565215419443299,1.3926605708456314
143,L,0.0196078431372549,1.0,1.9578759902889304
144,G,0.00980392156862745,-0.0,2.9578759902889304
145,V,0.9607843137254902,1.7499328412281805,1.20794314906075
146,G,0.00980392156862745,-0.0,2.9578759902889304
147,A,0.00980392156862745,-0.0,2.9578759902889304
148,A,0.0196078431372549,-0.0,2.9578759902889304
149,P,0.0196078431372549,-0.0,2.9578759902889304
150,A,0.0196078431372549,1.0,1.9578759902889304
151,H,0.0196078431372549,1.0,1.9578759902889304
152,D,0.0196078431372549,-0.0,2.9578759902889304
153,A,0.00980392156862745,-0.0,2.9578759902889304
154,T,0.0196078431372549,1.0,1.9578759902889304
155,A,0.9803921568627451,2.830149846734358,0.12772614355457224
156,P,0.00980392156862745,-0.0,2.9578759902889304
157,D,0.00980392156862745,-0.0,2.9578759902889304
158,E,0.00980392156862745,-0.0,2.9578759902889304
159,A,0.0196078431372549,1.0,1.9578759902889304
160,A,0.0196078431372549,1.0,1.9578759902889304
161,P,0.0196078431372549,1.0,1.9578759902889304
162,P,0.9803921568627451,1.629188602376845,1.3286873879120855
163,P,0.9705882352941176,2.7870383325506554,0.17083765773827508
164,D,0.9705882352941176,1.417919228964882,1.5399567613240484
165,W,0.9705882352941176,0.2237364173601046,2.734139572928826
166,T,0.9901960784313726,2.749813383055461,0.20806260723346925
167,D,0.9803921568627451,2.854652290512017,0.10322369977691359
168,D,0.9803921568627451,0.6411884030780174,2.316687587210913
169,P,0.9215686274509803,2.152400351262589,0.8054756390263416
170,G,0.8333333333333334,2.894011453928101,0.06386453636082923
171,A,0.9901960784313726,1.196984483888693,1.7608915064002375
172,E,0.9901960784313726,0.7859821475223604,2.17189384276657
173,A,0.9901960784313726,0.6305062394675903,2.3273697508213402
174,V,0.9901960784313726,0.5698690326586398,2.3880069576302905
175,A,0.9901960784313726,0.9998669205894677,1.9580090696994628
176,I,0.9901960784313726,0.28429028925013333,2.673585701038797
177,V,0.9901960784313726,1.3843570172884436,1.5735189730004868
178,E,0.9901960784313726,0.14032727099059325,2.8175487192983373
179,T,0.9901960784313726,0.41176425212205703,2.546111738166873
180,R,0.9901960784313726,2.5271723555619556,0.4307036347269748
181,T,0.9901960784313726,0.22017618846179077,2.73769980182714
182,V,0.9901960784313726,0.28429028925013333,2.673585701038797
183,C,0.9901960784313726,0.5575411861454067,2.4003348041435237
184,A,0.9901960784313726,0.6776211568654683,2.280254833423462
185,A,0.9901960784313726,0.49102099206009775,2.4668549982288326
186,I,0.9901960784313726,0.8785991100565551,2.079276880232375
187,A,0.9901960784313726,1.6791973618417757,1.2786786284471547
188,A,0.9901960784313726,0.36369739101043974,2.5941785992784907
189,A,0.9901960784313726,0.38448813823925043,2.57338785204968
190,D,0.9901960784313726,-0.0,2.9578759902889304
191,A,0.9901960784313726,0.41176425212205703,2.546111738166873
192,A,0.9901960784313726,0.14032727099059325,2.8175487192983373
193,C,0.9901960784313726,1.3944638139997165,1.563412176289214
194,K,0.9901960784313726,0.14032727099059325,2.8175487192983373
195,V,0.9901960784313726,2.081016842066931,0.8768591482219996
196,A,0.9901960784313726,0.19290007457898412,2.7649759157099463
197,D,0.9901960784313726,2.554341917282136,0.40353407300679445
198,V,0.9901960784313726,0.14032727099059325,2.8175487192983373
199,V,0.9901960784313726,2.6496384600387093,0.30823753025022116
200,V,0.9901960784313726,0.8710823842408111,2.0867936060481194
201,R,0.9901960784313726,0.5022569292123518,2.455619061076579
202,D,0.9901960784313726,0.22017618846179077,2.73769980182714
203,V,0.9901960784313726,1.8638606374605187,1.0940153528284118
204,R,0.9901960784313726,0.3994364056088241,2.5584395846801065
205,L,0.9901960784313726,0.999929285432166,1.9579467048567645
206,A,0.9901960784313726,0.28429028925013333,2.673585701038797
207,V,0.9901960784313726,1.1938441220321985,1.764031868256732
208,D,0.9901960784313726,0.9068806311574998,2.0509953591314307
209,L,0.9901960784313726,0.8228368841492257,2.135039106139705
210,A,0.9901960784313726,1.0566524403271864,1.901223549961744
211,G,0.9901960784313726,-0.0,2.9578759902889304
212,K,0.9901960784313726,0.24047340659188007,2.7174025836970506
213,A,0.9901960784313726,0.2800773669879197,2.677798623301011
214,Y,0.9901960784313726,1.128576805157144,1.8292991851317864
215,F,0.9901960784313726,0.08013604733127525,2.877739942957655
216,T,0.9901960784313726,0.19290007457898412,2.7649759157099463
217,L,0.9901960784313726,1.1363748574940518,1.8215011327948787
218,T,0.9901960784313726,0.2800773669879197,2.677798623301011
219,G,0.9901960784313726,-0.0,2.9578759902889304
220,S,0.9901960784313726,2.5231585765676856,0.43471741372124484
221,L,0.9901960784313726,0.14032727099059325,2.8175487192983373
222,D,0.9901960784313726,2.0025795889899345,0.955296401298996
223,A,0.9901960784313726,1.4728836230930922,1.4849923671958383
224,I,0.9901960784313726,0.8504442686644809,2.1074317216244496
225,E,0.9901960784313726,1.1821587898880326,1.7757172004008979
226,A,0.9901960784313726,0.37943524444257704,2.578440745846353
227,A,0.9803921568627451,0.499915958164528,2.4579600321244026
228,A,0.9803921568627451,1.1141487014438638,1.8437272888450666
229,D,0.9803921568627451,2.5744877381021043,0.38338825218682615
230,A,0.9705882352941176,0.5902008711492305,2.3676751191397
231,A,0.9705882352941176,0.5099732591450826,2.4479027311438477
232,R,0.9705882352941176,2.275060896610299,0.6828150936786312
233,G,0.0196078431372549,1.0,1.9578759902889304
234,A,0.9705882352941176,2.4135597709338943,0.5443162193550362
235,A,0.9705882352941176,1.4960648097171994,1.461811180571731
236,I,0.13725490196078433,2.1209520310264036,0.8369239592625268
237,T,0.10784313725490197,2.299896391167891,0.6579795991210395
238,L,0.10784313725490197,1.4911148500551858,1.4667611402337446
239,P,0.0784313725490196,1.75,1.2078759902889304
240,G,0.00980392156862745,-0.0,2.9578759902889304
241,K,0.00980392156862745,-0.0,2.9578759902889304
242,A,0.9607843137254902,1.3702005941103486,1.5876753961785819
243,G,0.9705882352941176,2.2322073730622227,0.7256686172267077
244,D,0.9705882352941176,2.2561774828653536,0.7016985074235769
245,R,0.9705882352941176,1.0048208687360762,1.9530551215528542
246,G,0.0196078431372549,-0.0,2.9578759902889304
247,T,0.0196078431372549,-0.0,2.9578759902889304
248,V,0.0196078431372549,-0.0,2.9578759902889304
249,G,0.0196078431372549,-0.0,2.9578759902889304
250,A,0.0196078431372549,-0.0,2.9578759902889304
251,L,0.9705882352941176,1.187706386737272,1.7701696035516585
252,V,0.9705882352941176,1.2142347264699052,1.7436412638190253
253,G,0.9705882352941176,2.199190578765055,0.7586854115238753
254,L,0.9705882352941176,1.3894645751651278,1.5684114151238027
255,E,0.9705882352941176,0.6531014343325816,2.3047745559563486
256,V,0.9705882352941176,1.8048515082716552,1.1530244820172753
257,I,0.9705882352941176,0.1425733302598987,2.815302660029032
258,A,0.9705882352941176,0.5890358139138254,2.3688401763751052
259,Q,0.9705882352941176,1.4646790448484026,1.4931969454405278
260,P,0.9705882352941176,-0.0,2.9578759902889304
261,A,0.9705882352941176,1.4265701207808503,1.5313058695080801
262,P,0.9705882352941176,1.1606377567310737,1.7972382335578567
263,D,0.9705882352941176,1.1186873809061535,1.839188609382777
264,L,0.9705882352941176,0.5032583347756457,2.454617655513285
265,R,0.9705882352941176,0.8878629832498979,2.070013007039033
266,G,0.9705882352941176,0.08146202691506,2.8764139633738703
267,R,0.9705882352941176,1.3477243873622335,1.610151602926697
268,L,0.9705882352941176,0.2237364173601046,2.734139572928826
269,F,0.9705882352941176,0.7508292107657738,2.2070467795231568
270,F,0.21568627450980393,0.7907669479360189,2.1671090423529114
