query_residue_number,query_residue,alignment_position,occupancy,shannon_entropy,conservation_score
1,M,1,0.049019607843137254,-0.0,2.9578759902889304
2,D,2,0.049019607843137254,-0.0,2.9578759902889304
3,H,3,0.049019607843137254,-0.0,2.9578759902889304
4,A,4,0.049019607843137254,-0.0,2.9578759902889304
5,P,5,0.058823529411764705,-0.0,2.9578759902889304
6,E,6,0.058823529411764705,0.6500224216483541,2.307853568640576
7,R,7,0.058823529411764705,-0.0,2.9578759902889304
8,F,8,0.058823529411764705,0.6500224216483541,2.307853568640576
9,D,9,0.058823529411764705,0.6500224216483541,2.307853568640576
10,A,10,0.06862745098039216,0.5916727785823275,2.366203211706603
11,T,11,0.06862745098039216,1.1488348542809166,1.8090411360080139
12,P,12,0.0784313725490196,0.5435644431995964,2.414311547089334
13,P,13,0.09803921568627451,0.4689955935892812,2.488880396699649
14,A,18,0.10784313725490197,1.867633890971212,1.0902420993177184
15,G,19,0.10784313725490197,1.4911148500551854,1.466761140233745
16,E,20,0.13725490196078433,2.1179631753145163,0.8399128149744142
17,P,21,0.16666666666666666,0.6722948170756379,2.2855811732132927
18,D,22,0.20588235294117646,1.7723388509380995,1.185537139350831
19,R,23,0.20588235294117646,1.4488156357251847,1.5090603545637458
20,P,24,0.8823529411764706,0.32897788628100333,2.628898104007927
21,A,25,0.9117647058823529,0.0857426825355025,2.872133307753428
22,L,26,0.9117647058823529,0.0857426825355025,2.872133307753428
23,G,27,0.9117647058823529,0.14981136747274792,2.8080646228161825
24,V,28,0.9509803921568627,1.503109526703576,1.4547664635853546
25,L,29,0.9705882352941176,0.3047477029943567,2.6531282872945736
26,E,30,0.9705882352941176,-0.0,2.9578759902889304
27,L,31,0.9705882352941176,1.6342793565034344,1.323596633785496
28,T,32,0.9705882352941176,2.150779607563922,0.8070963827250086
29,S,33,0.9705882352941176,1.3989849401918286,1.5588910500971018
30,I,34,0.9705882352941176,0.6116256595976604,2.3462503306912703
31,A,35,0.9705882352941176,0.32984607020714635,2.6280299200817843
32,R,36,0.9803921568627451,0.24229218908241482,2.7155838012065154
33,G,37,0.9803921568627451,0.08079313589591118,2.877082854393019
34,I,38,0.9901960784313726,1.1242509691116171,1.8336250211773133
35,T,39,0.9901960784313726,1.1638658901466494,1.794010100142281
36,V,40,0.9901960784313726,1.5342225877666635,1.423653402522267
37,A,41,0.9901960784313726,0.36369739101043974,2.5941785992784907
38,D,42,0.9901960784313726,-0.0,2.9578759902889304
39,A,43,0.9901960784313726,0.14032727099059325,2.8175487192983373
40,A,44,0.9901960784313726,1.604530346538155,1.3533456437507754
41,L,45,0.9901960784313726,1.0809611090441515,1.876914881244779
42,K,46,0.9901960784313726,-0.0,2.9578759902889304
43,R,47,0.9901960784313726,0.47121901186207804,2.4866569784268524
44,A,48,0.9901960784313726,1.0780296445471977,1.8798463457417327
45,P,49,0.9901960784313726,0.5220589094103716,2.435817080878559
46,S,50,0.9901960784313726,1.1830670559892336,1.7748089342996969
47,L,51,0.9901960784313726,2.3062761602662496,0.6515998300226808
48,L,52,0.9901960784313726,0.458891165348845,2.4989848249400852
49,L,53,0.9901960784313726,0.9285091563260264,2.029366833962904
50,M,54,0.9901960784313726,2.2092614642996273,0.7486145259893031
51,S,55,0.9901960784313726,0.19290007457898412,2.7649759157099463
52,R,56,0.9901960784313726,0.29987934718593945,2.657996643102991
53,P,57,0.9901960784313726,1.1726285327578223,1.7852474575311081
54,V,58,0.9901960784313726,0.899225365773819,2.0586506245151117
55,S,59,0.9901960784313726,0.3596332642445572,2.598242726044373
56,S,60,0.9901960784313726,0.8369938449347185,2.120882145354212
57,G,61,0.9901960784313726,-0.0,2.9578759902889304
58,K,62,0.9901960784313726,0.22017618846179077,2.73769980182714
59,H,63,0.9901960784313726,0.3596332642445572,2.598242726044373
60,L,64,0.9901960784313726,0.3200293038485176,2.6378466864404126
61,L,65,0.9901960784313726,0.9798803106604441,1.9779956796284863
62,M,66,0.9901960784313726,2.054421627394208,0.9034543628947223
63,M,67,0.9901960784313726,1.4288922410188163,1.5289837492701142
64,R,68,0.9901960784313726,1.4540705301138126,1.5038054601751178
65,G,69,0.9901960784313726,-0.0,2.9578759902889304
66,Q,70,0.9901960784313726,1.2887141611456039,1.6691618291433266
67,V,71,0.9901960784313726,0.14032727099059325,2.8175487192983373
68,A,72,0.9901960784313726,0.550323790323969,2.4075521999649614
69,E,73,0.9901960784313726,0.5896710128566595,2.368204977432271
70,V,74,0.9901960784313726,0.7863265337493189,2.1715494565396116
71,E,75,0.9901960784313726,1.3472703831225092,1.6106056071664212
72,E,76,0.9901960784313726,0.14032727099059325,2.8175487192983373
73,S,77,0.9901960784313726,0.6761627418829198,2.2817132484060108
74,M,78,0.9901960784313726,0.8497088203321866,2.1081671699567437
75,I,79,0.9901960784313726,2.649709080462567,0.3081669098263635
76,A,80,0.9901960784313726,0.29987934718593945,2.657996643102991
77,A,81,0.9901960784313726,0.7740204128451942,2.1838555774437363
78,R,82,0.9901960784313726,2.601341725943265,0.35653426434566526
79,E,83,0.9901960784313726,2.580533827651236,0.3773421626376945
80,I,84,0.9901960784313726,1.9064388539865535,1.051437136302377
81,A,85,0.9901960784313726,0.29987934718593945,2.657996643102991
82,G,86,0.9901960784313726,1.4239594861123448,1.5339165041765856
83,A,111,0.08823529411764706,1.836591668108979,1.1212843221799516
84,G,112,0.08823529411764706,0.5032583347756457,2.454617655513285
85,S,113,0.08823529411764706,0.9864267287308424,1.971449261558088
86,G,114,1.0,2.4550815905317136,0.5027943997572168
87,A,115,1.0,2.9578759902889304,0.0
88,L,118,0.9901960784313726,0.458891165348845,2.4989848249400852
89,L,119,0.9901960784313726,1.5458243421683184,1.412051648120612
90,D,120,0.9901960784313726,0.24047340659188007,2.7174025836970506
91,E,121,0.9901960784313726,2.662998093526132,0.2948778967627983
92,L,122,0.9901960784313726,1.1882609289020032,1.7696150613869273
93,E,123,0.9901960784313726,1.9443186593712805,1.01355733091765
94,L,124,0.9901960784313726,0.22017618846179074,2.73769980182714
95,P,125,0.9901960784313726,1.3512843896778928,1.6065916006110377
96,Y,126,0.9901960784313726,2.358636984811955,0.5992390054769756
97,A,127,0.9901960784313726,0.5803818123311553,2.377494177957775
98,H,128,0.9901960784313726,0.9164033311398082,2.041472659149122
99,E,129,0.9901960784313726,2.111721687041075,0.8461543032478556
100,Q,130,0.9901960784313726,0.5701257705219889,2.3877502197669416
101,L,131,0.9901960784313726,1.0311881231184457,1.9266878671704848
102,W,132,0.9901960784313726,0.14032727099059325,2.8175487192983373
103,R,133,0.9901960784313726,1.145954915660393,1.8119210746285375
104,F,134,0.9901960784313726,1.444032814585137,1.5138431757037933
105,L,135,0.9901960784313726,0.41176425212205703,2.546111738166873
106,D,136,0.9901960784313726,1.8798269525272522,1.0780490377616783
107,A,141,0.9803921568627451,1.578326085621253,1.3795499046676774
108,P,142,0.9803921568627451,1.565215419443299,1.3926605708456314
109,V,145,0.9607843137254902,1.7499328412281805,1.20794314906075
110,V,155,0.9803921568627451,2.830149846734358,0.12772614355457224
111,A,162,0.9803921568627451,1.629188602376845,1.3286873879120855
112,D,163,0.9705882352941176,2.7870383325506554,0.17083765773827508
113,A,164,0.9705882352941176,1.417919228964882,1.5399567613240484
114,W,165,0.9705882352941176,0.2237364173601046,2.734139572928826
115,E,166,0.9901960784313726,2.749813383055461,0.20806260723346925
116,E,167,0.9803921568627451,2.854652290512017,0.10322369977691359
117,D,168,0.9803921568627451,0.6411884030780174,2.316687587210913
118,T,171,0.9901960784313726,1.196984483888693,1.7608915064002375
119,E,172,0.9901960784313726,0.7859821475223604,2.17189384276657
120,S,173,0.9901960784313726,0.6305062394675903,2.3273697508213402
121,V,174,0.9901960784313726,0.5698690326586398,2.3880069576302905
122,I,175,0.9901960784313726,0.9998669205894677,1.9580090696994628
123,I,176,0.9901960784313726,0.28429028925013333,2.673585701038797
124,V,177,0.9901960784313726,1.3843570172884436,1.5735189730004868
125,E,178,0.9901960784313726,0.14032727099059325,2.8175487192983373
126,T,179,0.9901960784313726,0.41176425212205703,2.546111738166873
127,A,180,0.9901960784313726,2.5271723555619556,0.4307036347269748
128,T,181,0.9901960784313726,0.22017618846179077,2.73769980182714
129,V,182,0.9901960784313726,0.28429028925013333,2.673585701038797
130,C,183,0.9901960784313726,0.5575411861454067,2.4003348041435237
131,A,184,0.9901960784313726,0.6776211568654683,2.280254833423462
132,A,185,0.9901960784313726,0.49102099206009775,2.4668549982288326
133,I,186,0.9901960784313726,0.8785991100565551,2.079276880232375
134,D,187,0.9901960784313726,1.6791973618417757,1.2786786284471547
135,S,188,0.9901960784313726,0.36369739101043974,2.5941785992784907
136,A,189,0.9901960784313726,0.38448813823925043,2.57338785204968
137,D,190,0.9901960784313726,-0.0,2.9578759902889304
138,A,191,0.9901960784313726,0.41176425212205703,2.546111738166873
139,A,192,0.9901960784313726,0.14032727099059325,2.8175487192983373
140,L,193,0.9901960784313726,1.3944638139997165,1.563412176289214
141,K,194,0.9901960784313726,0.14032727099059325,2.8175487192983373
142,T,195,0.9901960784313726,2.081016842066931,0.8768591482219996
143,A,196,0.9901960784313726,0.19290007457898412,2.7649759157099463
144,P,197,0.9901960784313726,2.554341917282136,0.40353407300679445
145,V,198,0.9901960784313726,0.14032727099059325,2.8175487192983373
146,V,199,0.9901960784313726,2.6496384600387093,0.30823753025022116
147,L,200,0.9901960784313726,0.8710823842408111,2.0867936060481194
148,R,201,0.9901960784313726,0.5022569292123518,2.455619061076579
149,D,202,0.9901960784313726,0.22017618846179077,2.73769980182714
150,M,203,0.9901960784313726,1.8638606374605187,1.0940153528284118
151,R,204,0.9901960784313726,0.3994364056088241,2.5584395846801065
152,L,205,0.9901960784313726,0.999929285432166,1.9579467048567645
153,A,206,0.9901960784313726,0.28429028925013333,2.673585701038797
154,I,207,0.9901960784313726,1.1938441220321985,1.764031868256732
155,G,208,0.9901960784313726,0.9068806311574998,2.0509953591314307
156,I,209,0.9901960784313726,0.8228368841492257,2.135039106139705
157,A,210,0.9901960784313726,1.0566524403271864,1.901223549961744
158,G,211,0.9901960784313726,-0.0,2.9578759902889304
159,K,212,0.9901960784313726,0.24047340659188007,2.7174025836970506
160,A,213,0.9901960784313726,0.2800773669879197,2.677798623301011
161,F,214,0.9901960784313726,1.128576805157144,1.8292991851317864
162,F,215,0.9901960784313726,0.08013604733127525,2.877739942957655
163,T,216,0.9901960784313726,0.19290007457898412,2.7649759157099463
164,L,217,0.9901960784313726,1.1363748574940518,1.8215011327948787
165,T,218,0.9901960784313726,0.2800773669879197,2.677798623301011
166,G,219,0.9901960784313726,-0.0,2.9578759902889304
167,E,220,0.9901960784313726,2.5231585765676856,0.43471741372124484
168,L,221,0.9901960784313726,0.14032727099059325,2.8175487192983373
169,A,222,0.9901960784313726,2.0025795889899345,0.955296401298996
170,D,223,0.9901960784313726,1.4728836230930922,1.4849923671958383
171,V,224,0.9901960784313726,0.8504442686644809,2.1074317216244496
172,E,225,0.9901960784313726,1.1821587898880326,1.7757172004008979
173,A,226,0.9901960784313726,0.37943524444257704,2.578440745846353
174,A,227,0.9803921568627451,0.499915958164528,2.4579600321244026
175,A,228,0.9803921568627451,1.1141487014438638,1.8437272888450666
176,E,229,0.9803921568627451,2.5744877381021043,0.38338825218682615
177,V,230,0.9705882352941176,0.5902008711492305,2.3676751191397
178,V,231,0.9705882352941176,0.5099732591450826,2.4479027311438477
179,R,232,0.9705882352941176,2.275060896610299,0.6828150936786312
180,E,234,0.9705882352941176,2.4135597709338943,0.5443162193550362
181,R,235,0.9705882352941176,1.4960648097171994,1.461811180571731
182,C,242,0.9607843137254902,1.3702005941103486,1.5876753961785819
183,G,243,0.9705882352941176,2.2322073730622227,0.7256686172267077
184,A,244,0.9705882352941176,2.2561774828653536,0.7016985074235769
185,R,245,0.9705882352941176,1.0048208687360762,1.9530551215528542
186,L,251,0.9705882352941176,1.187706386737272,1.7701696035516585
187,L,252,0.9705882352941176,1.2142347264699052,1.7436412638190253
188,E,253,0.9705882352941176,2.199190578765055,0.7586854115238753
189,L,254,0.9705882352941176,1.3894645751651278,1.5684114151238027
190,A,255,0.9705882352941176,0.6531014343325816,2.3047745559563486
191,C,256,0.9705882352941176,1.8048515082716552,1.1530244820172753
192,I,257,0.9705882352941176,0.1425733302598987,2.815302660029032
193,A,258,0.9705882352941176,0.5890358139138254,2.3688401763751052
194,R,259,0.9705882352941176,1.4646790448484026,1.4931969454405278
195,P,260,0.9705882352941176,-0.0,2.9578759902889304
196,V,261,0.9705882352941176,1.4265701207808503,1.5313058695080801
197,D,262,0.9705882352941176,1.1606377567310737,1.7972382335578567
198,E,263,0.9705882352941176,1.1186873809061535,1.839188609382777
199,L,264,0.9705882352941176,0.5032583347756457,2.454617655513285
200,R,265,0.9705882352941176,0.8878629832498979,2.070013007039033
201,G,266,0.9705882352941176,0.08146202691506,2.8764139633738703
202,R,267,0.9705882352941176,1.3477243873622335,1.610151602926697
203,L,268,0.9705882352941176,0.2237364173601046,2.734139572928826
204,F,269,0.9705882352941176,0.7508292107657738,2.2070467795231568
205,F,270,0.21568627450980393,0.7907669479360189,2.1671090423529114
